seed,order_id,task_order,method,memory_budget,ewc_lambda,epochs,batch_size,final_average_accuracy,average_forgetting,elapsed_seconds,device,task_0_final_accuracy,task_1_final_accuracy,task_2_final_accuracy,task_3_final_accuracy,task_4_final_accuracy
1,canonical,0-1-2-3-4,no_replay,0,0.0,2,512,0.1658,0.243,0.368,cuda:0,0.493,0.065,0.001,0.27,0.0
1,canonical,0-1-2-3-4,experience_replay,100,0.0,2,512,0.1646,0.27475000000000005,0.147,cuda:0,0.47,0.001,0.0,0.352,0.0
1,canonical,0-1-2-3-4,experience_replay,500,0.0,2,512,0.29900000000000004,0.15550000000000003,0.161,cuda:0,0.577,0.0,0.006,0.912,0.0
1,canonical,0-1-2-3-4,ewc,0,25.0,2,512,0.15360000000000001,0.259,0.441,cuda:0,0.495,0.075,0.001,0.197,0.0
1,shuffle_0,2-3-1-0-4,no_replay,0,0.0,2,512,0.1972,0.25625000000000003,0.13,cuda:0,0.14,0.483,0.006,0.357,0.0
1,shuffle_0,2-3-1-0-4,experience_replay,100,0.0,2,512,0.2552,0.22275,0.143,cuda:0,0.904,0.274,0.0,0.098,0.0
1,shuffle_0,2-3-1-0-4,experience_replay,500,0.0,2,512,0.24180000000000001,0.23925,0.157,cuda:0,0.973,0.019,0.001,0.216,0.0
1,shuffle_0,2-3-1-0-4,ewc,0,25.0,2,512,0.2008,0.252,0.326,cuda:0,0.144,0.481,0.011,0.368,0.0
1,shuffle_1,1-0-2-4-3,no_replay,0,0.0,2,512,0.21620000000000003,0.3155,0.128,cuda:0,0.489,0.299,0.251,0.0,0.042
1,shuffle_1,1-0-2-4-3,experience_replay,100,0.0,2,512,0.1926,0.3525,0.146,cuda:0,0.449,0.004,0.487,0.0,0.023
1,shuffle_1,1-0-2-4-3,experience_replay,500,0.0,2,512,0.13440000000000002,0.43450000000000005,0.211,cuda:0,0.16,0.012,0.483,0.0,0.017
1,shuffle_1,1-0-2-4-3,ewc,0,25.0,2,512,0.21680000000000002,0.31050000000000005,0.326,cuda:0,0.483,0.343,0.227,0.0,0.031
1,shuffle_2,2-3-0-4-1,no_replay,0,0.0,2,512,0.3056,0.23075,0.135,cuda:0,0.339,0.324,0.368,0.497,0.0
1,shuffle_2,2-3-0-4-1,experience_replay,100,0.0,2,512,0.1668,0.501,0.146,cuda:0,0.076,0.518,0.0,0.24,0.0
1,shuffle_2,2-3-0-4-1,experience_replay,500,0.0,2,512,0.24,0.5595,0.158,cuda:0,0.246,0.596,0.04,0.318,0.0
1,shuffle_2,2-3-0-4-1,ewc,0,25.0,2,512,0.3066,0.23174999999999998,0.317,cuda:0,0.327,0.325,0.427,0.454,0.0
1,shuffle_3,1-2-0-3-4,no_replay,0,0.0,2,512,0.1052,0.4615,0.131,cuda:0,0.5,0.018,0.0,0.008,0.0
1,shuffle_3,1-2-0-3-4,experience_replay,100,0.0,2,512,0.1652,0.45399999999999996,0.203,cuda:0,0.499,0.0,0.0,0.327,0.0
1,shuffle_3,1-2-0-3-4,experience_replay,500,0.0,2,512,0.2516,0.31099999999999994,0.157,cuda:0,0.463,0.231,0.0,0.564,0.0
1,shuffle_3,1-2-0-3-4,ewc,0,25.0,2,512,0.1066,0.46,0.323,cuda:0,0.5,0.024,0.0,0.009,0.0
2,canonical,0-1-2-3-4,no_replay,0,0.0,2,512,0.31,0.28175,0.139,cuda:0,0.429,0.085,0.498,0.274,0.264
2,canonical,0-1-2-3-4,experience_replay,100,0.0,2,512,0.3154,0.37249999999999994,0.165,cuda:0,0.337,0.0,0.293,0.368,0.579
2,canonical,0-1-2-3-4,experience_replay,500,0.0,2,512,0.3424,0.39075,0.16,cuda:0,0.44,0.0,0.022,0.639,0.611
2,canonical,0-1-2-3-4,ewc,0,25.0,2,512,0.316,0.2805,0.378,cuda:0,0.441,0.081,0.492,0.285,0.281
2,shuffle_0,2-3-1-0-4,no_replay,0,0.0,2,512,0.1322,0.5055000000000001,0.132,cuda:0,0.0,0.0,0.16,0.001,0.5
2,shuffle_0,2-3-1-0-4,experience_replay,100,0.0,2,512,0.16999999999999998,0.53625,0.144,cuda:0,0.37,0.0,0.01,0.001,0.469
2,shuffle_0,2-3-1-0-4,experience_replay,500,0.0,2,512,0.2374,0.41725,0.165,cuda:0,0.504,0.006,0.268,0.229,0.18
2,shuffle_0,2-3-1-0-4,ewc,0,25.0,2,512,0.135,0.50075,0.328,cuda:0,0.0,0.0,0.173,0.002,0.5
2,shuffle_1,1-0-2-4-3,no_replay,0,0.0,2,512,0.1606,0.37324999999999997,0.136,cuda:0,0.227,0.0,0.077,0.0,0.499
2,shuffle_1,1-0-2-4-3,experience_replay,100,0.0,2,512,0.1494,0.41975,0.148,cuda:0,0.233,0.002,0.003,0.009,0.5
2,shuffle_1,1-0-2-4-3,experience_replay,500,0.0,2,512,0.18839999999999998,0.36775,0.216,cuda:0,0.365,0.046,0.026,0.0,0.505
2,shuffle_1,1-0-2-4-3,ewc,0,25.0,2,512,0.1584,0.37625,0.321,cuda:0,0.216,0.0,0.077,0.0,0.499
2,shuffle_2,2-3-0-4-1,no_replay,0,0.0,2,512,0.1026,0.485,0.131,cuda:0,0.0,0.0,0.003,0.0,0.51
2,shuffle_2,2-3-0-4-1,experience_replay,100,0.0,2,512,0.1574,0.4365,0.148,cuda:0,0.0,0.001,0.0,0.0,0.786
2,shuffle_2,2-3-0-4-1,experience_replay,500,0.0,2,512,0.1778,0.5367500000000001,0.16,cuda:0,0.002,0.0,0.0,0.0,0.887
2,shuffle_2,2-3-0-4-1,ewc,0,25.0,2,512,0.1032,0.485,0.325,cuda:0,0.0,0.0,0.005,0.0,0.511
2,shuffle_3,1-2-0-3-4,no_replay,0,0.0,2,512,0.20060000000000003,0.33725,0.195,cuda:0,0.202,0.0,0.1,0.506,0.195
2,shuffle_3,1-2-0-3-4,experience_replay,100,0.0,2,512,0.1706,0.4835,0.148,cuda:0,0.219,0.0,0.0,0.47,0.164
2,shuffle_3,1-2-0-3-4,experience_replay,500,0.0,2,512,0.258,0.40325,0.162,cuda:0,0.375,0.022,0.0,0.755,0.138
2,shuffle_3,1-2-0-3-4,ewc,0,25.0,2,512,0.2024,0.33775,0.321,cuda:0,0.194,0.0,0.099,0.516,0.203
3,canonical,0-1-2-3-4,no_replay,0,0.0,2,512,0.06639999999999999,0.386,0.127,cuda:0,0.013,0.104,0.215,0.0,0.0
3,canonical,0-1-2-3-4,experience_replay,100,0.0,2,512,0.09519999999999999,0.437,0.159,cuda:0,0.006,0.046,0.424,0.0,0.0
3,canonical,0-1-2-3-4,experience_replay,500,0.0,2,512,0.2552,0.24200000000000005,0.178,cuda:0,0.401,0.214,0.098,0.563,0.0
3,canonical,0-1-2-3-4,ewc,0,25.0,2,512,0.077,0.373,0.408,cuda:0,0.072,0.118,0.195,0.0,0.0
3,shuffle_0,2-3-1-0-4,no_replay,0,0.0,2,512,0.1796,0.39225000000000004,0.133,cuda:0,0.495,0.128,0.185,0.09,0.0
3,shuffle_0,2-3-1-0-4,experience_replay,100,0.0,2,512,0.1278,0.5345,0.154,cuda:0,0.499,0.057,0.0,0.083,0.0
3,shuffle_0,2-3-1-0-4,experience_replay,500,0.0,2,512,0.2266,0.41325,0.17,cuda:0,0.488,0.406,0.0,0.239,0.0
3,shuffle_0,2-3-1-0-4,ewc,0,25.0,2,512,0.18439999999999998,0.38350000000000006,0.323,cuda:0,0.494,0.128,0.222,0.078,0.0
3,shuffle_1,1-0-2-4-3,no_replay,0,0.0,2,512,0.125,0.48525,0.139,cuda:0,0.086,0.192,0.347,0.0,0.0
3,shuffle_1,1-0-2-4-3,experience_replay,100,0.0,2,512,0.122,0.48825,0.149,cuda:0,0.026,0.01,0.486,0.087,0.001
3,shuffle_1,1-0-2-4-3,experience_replay,500,0.0,2,512,0.1376,0.44825,0.214,cuda:0,0.16,0.005,0.488,0.0,0.035
3,shuffle_1,1-0-2-4-3,ewc,0,25.0,2,512,0.1246,0.481,0.333,cuda:0,0.074,0.244,0.305,0.0,0.0
3,shuffle_2,2-3-0-4-1,no_replay,0,0.0,2,512,0.20459999999999995,0.34975,0.146,cuda:0,0.57,0.087,0.001,0.36,0.005
3,shuffle_2,2-3-0-4-1,experience_replay,100,0.0,2,512,0.263,0.2715,0.168,cuda:0,0.737,0.065,0.0,0.178,0.335
3,shuffle_2,2-3-0-4-1,experience_replay,500,0.0,2,512,0.2566,0.285,0.178,cuda:0,0.663,0.001,0.0,0.199,0.42
3,shuffle_2,2-3-0-4-1,ewc,0,25.0,2,512,0.2044,0.352,0.347,cuda:0,0.551,0.096,0.006,0.361,0.008
3,shuffle_3,1-2-0-3-4,no_replay,0,0.0,2,512,0.11079999999999998,0.32,0.138,cuda:0,0.0,0.298,0.182,0.074,0.0
3,shuffle_3,1-2-0-3-4,experience_replay,100,0.0,2,512,0.18,0.29475,0.207,cuda:0,0.019,0.047,0.167,0.659,0.008
3,shuffle_3,1-2-0-3-4,experience_replay,500,0.0,2,512,0.2754,0.28925,0.165,cuda:0,0.473,0.061,0.0,0.843,0.0
3,shuffle_3,1-2-0-3-4,ewc,0,25.0,2,512,0.09720000000000001,0.33949999999999997,0.344,cuda:0,0.0,0.342,0.136,0.008,0.0
4,canonical,0-1-2-3-4,no_replay,0,0.0,2,512,0.19340000000000002,0.13325000000000004,0.14,cuda:0,0.413,0.093,0.0,0.461,0.0
4,canonical,0-1-2-3-4,experience_replay,100,0.0,2,512,0.16799999999999998,0.3295,0.147,cuda:0,0.348,0.001,0.0,0.491,0.0
4,canonical,0-1-2-3-4,experience_replay,500,0.0,2,512,0.273,0.263,0.165,cuda:0,0.488,0.002,0.0,0.875,0.0
4,canonical,0-1-2-3-4,ewc,0,25.0,2,512,0.19860000000000003,0.1265,0.327,cuda:0,0.438,0.098,0.0,0.457,0.0
4,shuffle_0,2-3-1-0-4,no_replay,0,0.0,2,512,0.18380000000000002,0.46224999999999994,0.203,cuda:0,0.06,0.657,0.019,0.183,0.0
4,shuffle_0,2-3-1-0-4,experience_replay,100,0.0,2,512,0.255,0.46624999999999994,0.155,cuda:0,0.579,0.044,0.001,0.167,0.484
4,shuffle_0,2-3-1-0-4,experience_replay,500,0.0,2,512,0.31639999999999996,0.41925,0.163,cuda:0,0.699,0.109,0.141,0.155,0.478
4,shuffle_0,2-3-1-0-4,ewc,0,25.0,2,512,0.19259999999999997,0.451,0.336,cuda:0,0.064,0.652,0.059,0.188,0.0
4,shuffle_1,1-0-2-4-3,no_replay,0,0.0,2,512,0.1318,0.29724999999999996,0.141,cuda:0,0.133,0.061,0.0,0.0,0.465
4,shuffle_1,1-0-2-4-3,experience_replay,100,0.0,2,512,0.1,0.34525,0.157,cuda:0,0.0,0.0,0.0,0.0,0.5
4,shuffle_1,1-0-2-4-3,experience_replay,500,0.0,2,512,0.1,0.361,0.219,cuda:0,0.0,0.0,0.0,0.0,0.5
4,shuffle_1,1-0-2-4-3,ewc,0,25.0,2,512,0.1278,0.2995,0.315,cuda:0,0.106,0.078,0.0,0.0,0.455
4,shuffle_2,2-3-0-4-1,no_replay,0,0.0,2,512,0.1182,0.4665,0.135,cuda:0,0.049,0.006,0.0,0.036,0.5
4,shuffle_2,2-3-0-4-1,experience_replay,100,0.0,2,512,0.10900000000000001,0.6609999999999999,0.143,cuda:0,0.023,0.022,0.0,0.0,0.5
4,shuffle_2,2-3-0-4-1,experience_replay,500,0.0,2,512,0.304,0.47,0.161,cuda:0,0.388,0.447,0.0,0.0,0.685
4,shuffle_2,2-3-0-4-1,ewc,0,25.0,2,512,0.1162,0.47150000000000003,0.321,cuda:0,0.038,0.007,0.0,0.036,0.5
4,shuffle_3,1-2-0-3-4,no_replay,0,0.0,2,512,0.1608,0.29549999999999993,0.134,cuda:0,0.151,0.526,0.0,0.127,0.0
4,shuffle_3,1-2-0-3-4,experience_replay,100,0.0,2,512,0.1586,0.44349999999999995,0.207,cuda:0,0.001,0.153,0.0,0.313,0.326
4,shuffle_3,1-2-0-3-4,experience_replay,500,0.0,2,512,0.2796,0.26525000000000004,0.153,cuda:0,0.208,0.227,0.0,0.722,0.241
4,shuffle_3,1-2-0-3-4,ewc,0,25.0,2,512,0.155,0.30324999999999996,0.316,cuda:0,0.123,0.551,0.0,0.101,0.0
5,canonical,0-1-2-3-4,no_replay,0,0.0,2,512,0.10600000000000001,0.33249999999999996,0.126,cuda:0,0.0,0.49,0.026,0.014,0.0
5,canonical,0-1-2-3-4,experience_replay,100,0.0,2,512,0.142,0.33475,0.144,cuda:0,0.002,0.423,0.0,0.285,0.0
5,canonical,0-1-2-3-4,experience_replay,500,0.0,2,512,0.1732,0.28125,0.152,cuda:0,0.348,0.021,0.0,0.497,0.0
5,canonical,0-1-2-3-4,ewc,0,25.0,2,512,0.1066,0.332,0.379,cuda:0,0.009,0.492,0.018,0.014,0.0
5,shuffle_0,2-3-1-0-4,no_replay,0,0.0,2,512,0.1192,0.439,0.129,cuda:0,0.5,0.005,0.0,0.0,0.091
5,shuffle_0,2-3-1-0-4,experience_replay,100,0.0,2,512,0.139,0.49225,0.142,cuda:0,0.5,0.001,0.0,0.003,0.191
5,shuffle_0,2-3-1-0-4,experience_replay,500,0.0,2,512,0.12680000000000002,0.46399999999999997,0.154,cuda:0,0.5,0.002,0.027,0.04,0.065
5,shuffle_0,2-3-1-0-4,ewc,0,25.0,2,512,0.1214,0.43775,0.323,cuda:0,0.5,0.005,0.0,0.0,0.102
5,shuffle_1,1-0-2-4-3,no_replay,0,0.0,2,512,0.118,0.30174999999999996,0.128,cuda:0,0.025,0.051,0.0,0.014,0.5
5,shuffle_1,1-0-2-4-3,experience_replay,100,0.0,2,512,0.1096,0.32725,0.149,cuda:0,0.027,0.02,0.0,0.001,0.5
5,shuffle_1,1-0-2-4-3,experience_replay,500,0.0,2,512,0.16760000000000003,0.3395,0.214,cuda:0,0.28,0.056,0.0,0.0,0.502
5,shuffle_1,1-0-2-4-3,ewc,0,25.0,2,512,0.11839999999999999,0.30274999999999996,0.319,cuda:0,0.019,0.058,0.0,0.015,0.5
5,shuffle_2,2-3-0-4-1,no_replay,0,0.0,2,512,0.183,0.38375000000000004,0.133,cuda:0,0.421,0.0,0.0,0.0,0.494
5,shuffle_2,2-3-0-4-1,experience_replay,100,0.0,2,512,0.1062,0.5205,0.146,cuda:0,0.031,0.0,0.0,0.0,0.5
5,shuffle_2,2-3-0-4-1,experience_replay,500,0.0,2,512,0.188,0.375,0.159,cuda:0,0.44,0.0,0.0,0.009,0.491
5,shuffle_2,2-3-0-4-1,ewc,0,25.0,2,512,0.18159999999999998,0.38550000000000006,0.322,cuda:0,0.414,0.0,0.0,0.0,0.494
5,shuffle_3,1-2-0-3-4,no_replay,0,0.0,2,512,0.1152,0.546,0.142,cuda:0,0.0,0.0,0.0,0.076,0.5
5,shuffle_3,1-2-0-3-4,experience_replay,100,0.0,2,512,0.1246,0.5569999999999999,0.203,cuda:0,0.0,0.0,0.0,0.123,0.5
5,shuffle_3,1-2-0-3-4,experience_replay,500,0.0,2,512,0.1724,0.52325,0.162,cuda:0,0.001,0.0,0.0,0.363,0.498
5,shuffle_3,1-2-0-3-4,ewc,0,25.0,2,512,0.11439999999999999,0.5465,0.332,cuda:0,0.0,0.0,0.0,0.072,0.5
6,canonical,0-1-2-3-4,no_replay,0,0.0,2,512,0.22359999999999997,0.07875,0.133,cuda:0,0.57,0.111,0.0,0.437,0.0
6,canonical,0-1-2-3-4,experience_replay,100,0.0,2,512,0.26080000000000003,0.18499999999999997,0.143,cuda:0,0.378,0.0,0.0,0.926,0.0
6,canonical,0-1-2-3-4,experience_replay,500,0.0,2,512,0.29639999999999994,0.09725000000000006,0.162,cuda:0,0.475,0.062,0.005,0.94,0.0
6,canonical,0-1-2-3-4,ewc,0,25.0,2,512,0.2262,0.074,0.384,cuda:0,0.588,0.1,0.0,0.443,0.0
6,shuffle_0,2-3-1-0-4,no_replay,0,0.0,2,512,0.2962,0.23449999999999993,0.13,cuda:0,0.453,0.532,0.045,0.451,0.0
6,shuffle_0,2-3-1-0-4,experience_replay,100,0.0,2,512,0.2694,0.27075,0.149,cuda:0,0.493,0.317,0.099,0.438,0.0
6,shuffle_0,2-3-1-0-4,experience_replay,500,0.0,2,512,0.35940000000000005,0.20099999999999996,0.157,cuda:0,0.84,0.208,0.31,0.439,0.0
6,shuffle_0,2-3-1-0-4,ewc,0,25.0,2,512,0.29660000000000003,0.23399999999999993,0.325,cuda:0,0.453,0.52,0.057,0.453,0.0
6,shuffle_1,1-0-2-4-3,no_replay,0,0.0,2,512,0.1236,0.3145,0.134,cuda:0,0.119,0.499,0.0,0.0,0.0
6,shuffle_1,1-0-2-4-3,experience_replay,100,0.0,2,512,0.1026,0.357,0.144,cuda:0,0.01,0.501,0.002,0.0,0.0
6,shuffle_1,1-0-2-4-3,experience_replay,500,0.0,2,512,0.186,0.28275,0.217,cuda:0,0.259,0.42,0.136,0.0,0.115
6,shuffle_1,1-0-2-4-3,ewc,0,25.0,2,512,0.1224,0.3145,0.316,cuda:0,0.11,0.502,0.0,0.0,0.0
6,shuffle_2,2-3-0-4-1,no_replay,0,0.0,2,512,0.2818,0.27075,0.134,cuda:0,0.969,0.0,0.004,0.436,0.0
6,shuffle_2,2-3-0-4-1,experience_replay,100,0.0,2,512,0.278,0.32349999999999995,0.146,cuda:0,0.927,0.0,0.0,0.463,0.0
6,shuffle_2,2-3-0-4-1,experience_replay,500,0.0,2,512,0.2816,0.36499999999999994,0.161,cuda:0,0.932,0.0,0.0,0.466,0.01
6,shuffle_2,2-3-0-4-1,ewc,0,25.0,2,512,0.28300000000000003,0.26925,0.315,cuda:0,0.967,0.0,0.007,0.441,0.0
6,shuffle_3,1-2-0-3-4,no_replay,0,0.0,2,512,0.2258,0.31900000000000006,0.133,cuda:0,0.88,0.248,0.001,0.0,0.0
6,shuffle_3,1-2-0-3-4,experience_replay,100,0.0,2,512,0.26139999999999997,0.37100000000000005,0.204,cuda:0,0.858,0.301,0.0,0.148,0.0
6,shuffle_3,1-2-0-3-4,experience_replay,500,0.0,2,512,0.22959999999999997,0.4215,0.155,cuda:0,0.987,0.036,0.0,0.125,0.0
6,shuffle_3,1-2-0-3-4,ewc,0,25.0,2,512,0.23739999999999997,0.30475,0.312,cuda:0,0.855,0.331,0.001,0.0,0.0
7,canonical,0-1-2-3-4,no_replay,0,0.0,2,512,0.286,0.10975,0.13,cuda:0,0.127,0.875,0.0,0.428,0.0
7,canonical,0-1-2-3-4,experience_replay,100,0.0,2,512,0.1746,0.25950000000000006,0.146,cuda:0,0.009,0.379,0.0,0.485,0.0
7,canonical,0-1-2-3-4,experience_replay,500,0.0,2,512,0.2262,0.19374999999999998,0.156,cuda:0,0.412,0.227,0.0,0.492,0.0
7,canonical,0-1-2-3-4,ewc,0,25.0,2,512,0.3012,0.09100000000000001,0.378,cuda:0,0.197,0.876,0.0,0.433,0.0
7,shuffle_0,2-3-1-0-4,no_replay,0,0.0,2,512,0.1132,0.4685,0.128,cuda:0,0.0,0.492,0.0,0.074,0.0
7,shuffle_0,2-3-1-0-4,experience_replay,100,0.0,2,512,0.13240000000000002,0.43324999999999997,0.142,cuda:0,0.0,0.497,0.0,0.165,0.0
7,shuffle_0,2-3-1-0-4,experience_replay,500,0.0,2,512,0.2424,0.3715,0.151,cuda:0,0.493,0.477,0.0,0.242,0.0
7,shuffle_0,2-3-1-0-4,ewc,0,25.0,2,512,0.11379999999999998,0.46825,0.316,cuda:0,0.0,0.494,0.0,0.075,0.0
7,shuffle_1,1-0-2-4-3,no_replay,0,0.0,2,512,0.1426,0.23875000000000002,0.139,cuda:0,0.0,0.191,0.0,0.08,0.442
7,shuffle_1,1-0-2-4-3,experience_replay,100,0.0,2,512,0.1038,0.39349999999999996,0.14,cuda:0,0.005,0.0,0.0,0.014,0.5
7,shuffle_1,1-0-2-4-3,experience_replay,500,0.0,2,512,0.1608,0.32575,0.215,cuda:0,0.278,0.0,0.0,0.026,0.5
7,shuffle_1,1-0-2-4-3,ewc,0,25.0,2,512,0.142,0.23575000000000007,0.315,cuda:0,0.0,0.209,0.0,0.071,0.43
7,shuffle_2,2-3-0-4-1,no_replay,0,0.0,2,512,0.1888,0.39675,0.132,cuda:0,0.001,0.464,0.0,0.479,0.0
7,shuffle_2,2-3-0-4-1,experience_replay,100,0.0,2,512,0.19539999999999996,0.47675,0.152,cuda:0,0.0,0.694,0.0,0.283,0.0
7,shuffle_2,2-3-0-4-1,experience_replay,500,0.0,2,512,0.2806,0.42324999999999996,0.157,cuda:0,0.336,0.366,0.0,0.284,0.417
7,shuffle_2,2-3-0-4-1,ewc,0,25.0,2,512,0.18860000000000002,0.39749999999999996,0.333,cuda:0,0.0,0.464,0.0,0.479,0.0
7,shuffle_3,1-2-0-3-4,no_replay,0,0.0,2,512,0.1276,0.23725000000000004,0.191,cuda:0,0.0,0.26,0.0,0.378,0.0
7,shuffle_3,1-2-0-3-4,experience_replay,100,0.0,2,512,0.11240000000000001,0.39325,0.15,cuda:0,0.0,0.067,0.0,0.495,0.0
7,shuffle_3,1-2-0-3-4,experience_replay,500,0.0,2,512,0.1964,0.29450000000000004,0.167,cuda:0,0.249,0.199,0.0,0.534,0.0
7,shuffle_3,1-2-0-3-4,ewc,0,25.0,2,512,0.1278,0.235,0.328,cuda:0,0.0,0.287,0.0,0.352,0.0
8,canonical,0-1-2-3-4,no_replay,0,0.0,2,512,0.1936,0.25025,0.14,cuda:0,0.491,0.006,0.0,0.0,0.471
8,canonical,0-1-2-3-4,experience_replay,100,0.0,2,512,0.1922,0.3105,0.151,cuda:0,0.461,0.0,0.0,0.0,0.5
8,canonical,0-1-2-3-4,experience_replay,500,0.0,2,512,0.2536,0.2545,0.171,cuda:0,0.683,0.0,0.0,0.091,0.494
8,canonical,0-1-2-3-4,ewc,0,25.0,2,512,0.19340000000000002,0.2495,0.399,cuda:0,0.494,0.006,0.0,0.0,0.467
8,shuffle_0,2-3-1-0-4,no_replay,0,0.0,2,512,0.1,0.61325,0.142,cuda:0,0.0,0.0,0.0,0.0,0.5
8,shuffle_0,2-3-1-0-4,experience_replay,100,0.0,2,512,0.1,0.614,0.152,cuda:0,0.0,0.0,0.0,0.0,0.5
8,shuffle_0,2-3-1-0-4,experience_replay,500,0.0,2,512,0.1156,0.6114999999999999,0.161,cuda:0,0.054,0.001,0.004,0.014,0.505
8,shuffle_0,2-3-1-0-4,ewc,0,25.0,2,512,0.1,0.61325,0.335,cuda:0,0.0,0.0,0.0,0.0,0.5
8,shuffle_1,1-0-2-4-3,no_replay,0,0.0,2,512,0.1214,0.327,0.142,cuda:0,0.106,0.001,0.0,0.0,0.5
8,shuffle_1,1-0-2-4-3,experience_replay,100,0.0,2,512,0.1,0.472,0.212,cuda:0,0.0,0.0,0.0,0.0,0.5
8,shuffle_1,1-0-2-4-3,experience_replay,500,0.0,2,512,0.12,0.46825,0.163,cuda:0,0.082,0.003,0.0,0.0,0.515
8,shuffle_1,1-0-2-4-3,ewc,0,25.0,2,512,0.1206,0.32775,0.338,cuda:0,0.102,0.001,0.0,0.0,0.5
8,shuffle_2,2-3-0-4-1,no_replay,0,0.0,2,512,0.1,0.5449999999999999,0.139,cuda:0,0.0,0.0,0.0,0.0,0.5
8,shuffle_2,2-3-0-4-1,experience_replay,100,0.0,2,512,0.1,0.5445,0.153,cuda:0,0.0,0.0,0.0,0.0,0.5
8,shuffle_2,2-3-0-4-1,experience_replay,500,0.0,2,512,0.1008,0.56,0.162,cuda:0,0.0,0.0,0.0,0.004,0.5
8,shuffle_2,2-3-0-4-1,ewc,0,25.0,2,512,0.1,0.5455,0.389,cuda:0,0.0,0.0,0.0,0.0,0.5
8,shuffle_3,1-2-0-3-4,no_replay,0,0.0,2,512,0.1,0.6975,0.139,cuda:0,0.0,0.0,0.0,0.0,0.5
8,shuffle_3,1-2-0-3-4,experience_replay,100,0.0,2,512,0.1,0.6970000000000001,0.15,cuda:0,0.0,0.0,0.0,0.0,0.5
8,shuffle_3,1-2-0-3-4,experience_replay,500,0.0,2,512,0.199,0.56475,0.173,cuda:0,0.019,0.019,0.0,0.456,0.501
8,shuffle_3,1-2-0-3-4,ewc,0,25.0,2,512,0.1,0.69725,0.333,cuda:0,0.0,0.0,0.0,0.0,0.5
9,canonical,0-1-2-3-4,no_replay,0,0.0,2,512,0.1924,0.20825000000000005,0.142,cuda:0,0.475,0.003,0.0,0.484,0.0
9,canonical,0-1-2-3-4,experience_replay,100,0.0,2,512,0.2042,0.19450000000000003,0.212,cuda:0,0.43,0.001,0.0,0.589,0.001
9,canonical,0-1-2-3-4,experience_replay,500,0.0,2,512,0.246,0.18075000000000002,0.167,cuda:0,0.453,0.0,0.001,0.775,0.001
9,canonical,0-1-2-3-4,ewc,0,25.0,2,512,0.1916,0.21,0.337,cuda:0,0.477,0.002,0.0,0.479,0.0
9,shuffle_0,2-3-1-0-4,no_replay,0,0.0,2,512,0.1754,0.38149999999999995,0.139,cuda:0,0.368,0.498,0.0,0.011,0.0
9,shuffle_0,2-3-1-0-4,experience_replay,100,0.0,2,512,0.2506,0.2825,0.152,cuda:0,0.816,0.42,0.0,0.017,0.0
9,shuffle_0,2-3-1-0-4,experience_replay,500,0.0,2,512,0.24179999999999996,0.33799999999999997,0.171,cuda:0,0.702,0.345,0.0,0.162,0.0
9,shuffle_0,2-3-1-0-4,ewc,0,25.0,2,512,0.1776,0.379,0.336,cuda:0,0.377,0.498,0.0,0.013,0.0
9,shuffle_1,1-0-2-4-3,no_replay,0,0.0,2,512,0.1928,0.203,0.193,cuda:0,0.323,0.167,0.0,0.0,0.474
9,shuffle_1,1-0-2-4-3,experience_replay,100,0.0,2,512,0.1092,0.37975,0.148,cuda:0,0.042,0.004,0.0,0.0,0.5
9,shuffle_1,1-0-2-4-3,experience_replay,500,0.0,2,512,0.1176,0.4575,0.17,cuda:0,0.088,0.0,0.0,0.0,0.5
9,shuffle_1,1-0-2-4-3,ewc,0,25.0,2,512,0.18839999999999998,0.20850000000000002,0.348,cuda:0,0.289,0.183,0.0,0.0,0.47
9,shuffle_2,2-3-0-4-1,no_replay,0,0.0,2,512,0.2404,0.4360000000000001,0.149,cuda:0,0.757,0.138,0.075,0.217,0.015
9,shuffle_2,2-3-0-4-1,experience_replay,100,0.0,2,512,0.19380000000000003,0.62375,0.15,cuda:0,0.399,0.541,0.0,0.029,0.0
9,shuffle_2,2-3-0-4-1,experience_replay,500,0.0,2,512,0.4232,0.33574999999999994,0.162,cuda:0,0.675,0.518,0.281,0.346,0.296
9,shuffle_2,2-3-0-4-1,ewc,0,25.0,2,512,0.24819999999999998,0.42775,0.385,cuda:0,0.744,0.15,0.106,0.226,0.015
9,shuffle_3,1-2-0-3-4,no_replay,0,0.0,2,512,0.23080000000000003,0.2975,0.131,cuda:0,0.167,0.368,0.049,0.107,0.463
9,shuffle_3,1-2-0-3-4,experience_replay,100,0.0,2,512,0.16419999999999998,0.567,0.148,cuda:0,0.032,0.005,0.0,0.292,0.492
9,shuffle_3,1-2-0-3-4,experience_replay,500,0.0,2,512,0.262,0.4845,0.168,cuda:0,0.321,0.011,0.04,0.515,0.423
9,shuffle_3,1-2-0-3-4,ewc,0,25.0,2,512,0.2158,0.31149999999999994,0.321,cuda:0,0.071,0.418,0.043,0.086,0.461
10,canonical,0-1-2-3-4,no_replay,0,0.0,2,512,0.22820000000000001,0.28250000000000003,0.141,cuda:0,0.493,0.172,0.0,0.001,0.475
10,canonical,0-1-2-3-4,experience_replay,100,0.0,2,512,0.20600000000000002,0.4855,0.151,cuda:0,0.471,0.054,0.0,0.009,0.496
10,canonical,0-1-2-3-4,experience_replay,500,0.0,2,512,0.3104,0.42000000000000004,0.231,cuda:0,0.479,0.02,0.0,0.618,0.435
10,canonical,0-1-2-3-4,ewc,0,25.0,2,512,0.22080000000000002,0.291,0.329,cuda:0,0.495,0.136,0.0,0.001,0.472
10,shuffle_0,2-3-1-0-4,no_replay,0,0.0,2,512,0.1756,0.3415,0.142,cuda:0,0.468,0.407,0.0,0.003,0.0
10,shuffle_0,2-3-1-0-4,experience_replay,100,0.0,2,512,0.22199999999999998,0.35225,0.151,cuda:0,0.985,0.125,0.0,0.0,0.0
10,shuffle_0,2-3-1-0-4,experience_replay,500,0.0,2,512,0.2514,0.33475,0.157,cuda:0,0.591,0.39,0.055,0.219,0.002
10,shuffle_0,2-3-1-0-4,ewc,0,25.0,2,512,0.1774,0.33999999999999997,0.321,cuda:0,0.484,0.4,0.0,0.003,0.0
10,shuffle_1,1-0-2-4-3,no_replay,0,0.0,2,512,0.259,0.176,0.126,cuda:0,0.447,0.787,0.0,0.0,0.061
10,shuffle_1,1-0-2-4-3,experience_replay,100,0.0,2,512,0.2178,0.27175,0.192,cuda:0,0.363,0.228,0.0,0.0,0.498
10,shuffle_1,1-0-2-4-3,experience_replay,500,0.0,2,512,0.25620000000000004,0.32875,0.156,cuda:0,0.373,0.413,0.0,0.0,0.495
10,shuffle_1,1-0-2-4-3,ewc,0,25.0,2,512,0.261,0.16974999999999998,0.327,cuda:0,0.441,0.817,0.0,0.0,0.047
10,shuffle_2,2-3-0-4-1,no_replay,0,0.0,2,512,0.167,0.41,0.131,cuda:0,0.785,0.003,0.0,0.009,0.038
10,shuffle_2,2-3-0-4-1,experience_replay,100,0.0,2,512,0.21739999999999998,0.39349999999999996,0.147,cuda:0,0.757,0.0,0.0,0.0,0.33
10,shuffle_2,2-3-0-4-1,experience_replay,500,0.0,2,512,0.3174,0.30824999999999997,0.156,cuda:0,0.922,0.094,0.035,0.05,0.486
10,shuffle_2,2-3-0-4-1,ewc,0,25.0,2,512,0.16660000000000003,0.41050000000000003,0.376,cuda:0,0.773,0.003,0.0,0.012,0.045
10,shuffle_3,1-2-0-3-4,no_replay,0,0.0,2,512,0.21460000000000004,0.2895,0.127,cuda:0,0.154,0.675,0.057,0.009,0.178
10,shuffle_3,1-2-0-3-4,experience_replay,100,0.0,2,512,0.2702,0.359,0.145,cuda:0,0.506,0.344,0.004,0.305,0.192
10,shuffle_3,1-2-0-3-4,experience_replay,500,0.0,2,512,0.3616,0.29075,0.152,cuda:0,0.747,0.295,0.0,0.422,0.344
10,shuffle_3,1-2-0-3-4,ewc,0,25.0,2,512,0.202,0.29050000000000004,0.319,cuda:0,0.083,0.725,0.043,0.006,0.153
